timestamp,Classifier,Dataset,Labelling,Encoding,Prec_fold0,Rec_fold0,F1_fold0,AUC_fold0,Prec_fold1,Rec_fold1,F1_fold1,AUC_fold1,Prec_fold2,Rec_fold2,F1_fold2,AUC_fold2
2022-08-16 16:52:58.839888,dt,sepsis,decl,baseline,0.8962962962962963,0.9918032786885246,0.9416342412451362,0.9659548461317228,0.8133333333333334,1.0,0.8970588235294117,0.9385964912280702,0.7960526315789473,1.0,0.8864468864468864,0.9323144104803494
2022-08-16 16:53:06.851834,dt,sepsis,decl,mr,0.9917355371900827,0.9917355371900827,0.9917355371900827,0.9967339131690064,0.9384615384615385,1.0,0.9682539682539683,0.9937446074201898,0.9915254237288136,0.9590163934426229,0.9749999999999999,0.9812158469945355
2022-08-16 16:53:13.770668,dt,sepsis,decl,mra,0.9917355371900827,0.9917355371900827,0.9917355371900827,0.9974917896712259,0.9836065573770492,0.9836065573770492,0.9836065573770492,0.9874173137762439,0.9833333333333333,0.9672131147540983,0.9752066115702478,0.989124964049468
2022-08-16 16:53:19.579471,dt,sepsis,decl,tr,0.8120805369127517,1.0,0.8962962962962964,0.9404525605398968,0.8356164383561644,1.0,0.9104477611940298,0.9473684210526315,0.8561151079136691,0.9754098360655737,0.9118773946360154,0.9502624388840955
2022-08-16 16:53:25.330963,dt,sepsis,decl,tra,0.8108108108108109,0.9917355371900827,0.892193308550186,0.9298062001515753,0.8079470198675497,1.0,0.8937728937728937,0.9390099223468508,0.8561151079136691,0.9754098360655737,0.9118773946360154,0.9526171987345413
2022-08-16 16:53:47.913026,dt,sepsis,decl,declare,1.0,0.9918032786885246,0.9958847736625513,0.9959016393442623,0.991869918699187,1.0,0.9959183673469388,0.9978070175438596,0.9918032786885246,1.0,0.9958847736625513,0.9978165938864628
2022-08-16 16:54:20.643063,dt,sepsis,decl,hybrid,1.0,0.9917355371900827,0.995850622406639,0.9958677685950413,1.0,1.0,1.0,1.0,1.0,1.0,1.0,1.0
2022-08-16 16:54:26.995245,dt,sepsis,decl,payload,0.7142857142857143,0.819672131147541,0.7633587786259541,0.8966601955708946,0.6848484848484848,0.9262295081967213,0.7874564459930313,0.8762402933563417,0.6708074534161491,0.8925619834710744,0.7659574468085106,0.8790645638601176
2022-08-16 16:54:33.208031,dt,sepsis,decl,dwd,0.967479674796748,0.9754098360655737,0.9714285714285714,0.987111734253667,0.9666666666666667,0.9508196721311475,0.9586776859504132,0.9886935576646535,0.9583333333333334,0.9504132231404959,0.9543568464730291,0.9941715688043596
2022-08-16 16:54:39.214310,dt,sepsis,decl,bs_data,0.8120805369127517,1.0,0.8962962962962964,0.9388646288209608,0.8439716312056738,0.9754098360655737,0.9049429657794678,0.9541091458153581,0.8561151079136691,0.9754098360655737,0.9118773946360154,0.9424791486914006
2022-08-16 16:54:49.081894,dt,sepsis,decl,mr_data,0.9338842975206612,0.9338842975206612,0.9338842975206612,0.9920242520480711,0.9603174603174603,0.9918032786885246,0.9758064516129032,0.994265890135174,0.9824561403508771,0.9180327868852459,0.9491525423728813,0.9742594190394019
2022-08-16 16:54:58.252252,dt,sepsis,decl,mra_data,0.9917355371900827,0.9917355371900827,0.9917355371900827,0.9967339131690064,0.983739837398374,0.9918032786885246,0.9877551020408164,0.9915156744319816,0.9830508474576272,0.9508196721311475,0.9666666666666667,0.9740796663790624
2022-08-16 16:55:06.166122,dt,sepsis,decl,tr_data,0.8108108108108109,0.9917355371900827,0.892193308550186,0.9347143527373778,0.8591549295774648,1.0,0.9242424242424242,0.9545405522001725,0.8561151079136691,0.9754098360655737,0.9118773946360154,0.9424791486914006
2022-08-16 16:55:12.960499,dt,sepsis,decl,tra_data,0.8163265306122449,0.9917355371900827,0.8955223880597015,0.938160886354614,0.8531468531468531,1.0,0.9207547169811321,0.9513409548461317,0.8581560283687943,0.9918032786885246,0.920152091254753,0.9569312625826862
2022-08-16 16:55:37.097579,dt,sepsis,decl,dc_data,1.0,0.9917355371900827,0.995850622406639,0.9958677685950413,1.0,1.0,1.0,1.0,1.0,1.0,1.0,1.0
2022-08-16 16:56:03.313829,dt,sepsis,decl,dc_dwd_payload,1.0,0.9917355371900827,0.995850622406639,0.9958677685950413,1.0,1.0,1.0,1.0,1.0,1.0,1.0,1.0
2022-08-16 16:56:37.721468,dt,sepsis,decl,hybrid_data,1.0,0.9917355371900827,0.995850622406639,0.9958677685950413,1.0,1.0,1.0,1.0,1.0,1.0,1.0,1.0
2022-08-16 16:57:12.183768,dt,sepsis,decl,hybrid_dwd,1.0,0.9917355371900827,0.995850622406639,0.9958677685950413,1.0,1.0,1.0,1.0,1.0,0.9918032786885246,0.9958847736625513,0.9959016393442623
2022-08-16 16:57:49.951378,dt,sepsis,decl,hybrid_dwd_payload,1.0,0.9917355371900827,0.995850622406639,0.9958677685950413,1.0,1.0,1.0,1.0,1.0,0.9918032786885246,0.9958847736625513,0.9959016393442623
2022-08-16 16:57:54.743994,dt,sepsis,mr_tr,baseline,0.4419889502762431,0.8791208791208791,0.5882352941176471,0.7930332216046502,0.4270833333333333,0.9111111111111111,0.5815602836879432,0.766431623931624,0.4131455399061033,0.9777777777777777,0.5808580858085808,0.7732905982905983
2022-08-16 16:58:01.412233,dt,sepsis,mr_tr,mr,1.0,1.0,1.0,1.0,1.0,1.0,1.0,1.0,1.0,1.0,1.0,1.0
2022-08-16 16:58:08.040571,dt,sepsis,mr_tr,mra,0.8387096774193549,0.8666666666666667,0.8524590163934426,0.943440170940171,0.7727272727272727,0.9444444444444444,0.85,0.938440170940171,0.8108108108108109,0.989010989010989,0.891089108910891,0.9716576859434002
2022-08-16 16:58:13.976386,dt,sepsis,mr_tr,tr,1.0,1.0,1.0,1.0,1.0,1.0,1.0,1.0,1.0,1.0,1.0,1.0
2022-08-16 16:58:18.589466,dt,sepsis,mr_tr,tra,0.9782608695652174,1.0,0.989010989010989,0.997008547008547,0.9375,1.0,0.967741935483871,0.9887179487179487,0.9381443298969072,1.0,0.9680851063829787,0.9884169884169884
2022-08-16 16:58:40.353634,dt,sepsis,mr_tr,declare,0.7938144329896907,0.8461538461538461,0.8191489361702127,0.8911706054563197,0.6833333333333333,0.9111111111111111,0.7809523809523808,0.9505555555555556,0.7938144329896907,0.8555555555555555,0.8235294117647058,0.9036752136752135
2022-08-16 16:59:09.973485,dt,sepsis,mr_tr,hybrid,1.0,1.0,1.0,1.0,1.0,1.0,1.0,1.0,1.0,1.0,1.0,1.0
2022-08-16 16:59:15.901092,dt,sepsis,mr_tr,payload,0.4,0.6153846153846154,0.4848484848484849,0.7647969790826934,0.40384615384615385,0.9333333333333333,0.5637583892617449,0.745,0.39732142857142855,0.9888888888888889,0.5668789808917197,0.7302350427350428
2022-08-16 16:59:21.105528,dt,sepsis,mr_tr,dwd,0.7283950617283951,0.6483516483516484,0.686046511627907,0.8602401459544318,0.782608695652174,0.6,0.6792452830188679,0.8391880341880342,0.6444444444444445,0.6444444444444445,0.6444444444444445,0.839551282051282
2022-08-16 16:59:27.228514,dt,sepsis,mr_tr,bs_data,0.42857142857142855,1.0,0.6,0.7493589743589744,0.4095744680851064,0.8555555555555555,0.553956834532374,0.7687820512820512,0.43333333333333335,1.0,0.6046511627906976,0.7901692901692903
2022-08-16 16:59:35.149502,dt,sepsis,mr_tr,mr_data,1.0,1.0,1.0,1.0,1.0,1.0,1.0,1.0,1.0,1.0,1.0,1.0
2022-08-16 16:59:42.477946,dt,sepsis,mr_tr,mra_data,0.8372093023255814,0.8,0.8181818181818183,0.8742948717948719,0.6953125,0.9888888888888889,0.81651376146789,0.949508547008547,0.7909090909090909,0.9560439560439561,0.8656716417910447,0.9539225253510968
2022-08-16 16:59:49.262796,dt,sepsis,mr_tr,tr_data,1.0,1.0,1.0,1.0,1.0,1.0,1.0,1.0,1.0,1.0,1.0,1.0
2022-08-16 16:59:55.703895,dt,sepsis,mr_tr,tra_data,0.9772727272727273,0.9555555555555556,0.9662921348314608,0.976837606837607,0.9375,1.0,0.967741935483871,0.9911538461538462,0.9381443298969072,1.0,0.9680851063829787,0.9884169884169884
2022-08-16 17:00:20.274135,dt,sepsis,mr_tr,dc_data,0.9468085106382979,0.9888888888888889,0.9673913043478262,0.9918803418803419,0.946236559139785,0.9777777777777777,0.9617486338797814,0.9847008547008547,0.9381443298969072,1.0,0.9680851063829787,0.9919385633671348
2022-08-16 17:00:45.618137,dt,sepsis,mr_tr,dc_dwd_payload,0.9456521739130435,0.9666666666666667,0.956043956043956,0.9771153846153846,0.967032967032967,0.9777777777777777,0.9723756906077348,0.9849358974358975,0.9381443298969072,1.0,0.9680851063829787,0.9919385633671348
2022-08-16 17:01:16.690535,dt,sepsis,mr_tr,hybrid_data,1.0,1.0,1.0,1.0,1.0,1.0,1.0,1.0,1.0,1.0,1.0,1.0
2022-08-16 17:01:46.339700,dt,sepsis,mr_tr,hybrid_dwd,1.0,1.0,1.0,1.0,1.0,1.0,1.0,1.0,1.0,1.0,1.0,1.0
2022-08-16 17:02:18.054013,dt,sepsis,mr_tr,hybrid_dwd_payload,1.0,1.0,1.0,1.0,1.0,1.0,1.0,1.0,1.0,1.0,1.0,1.0
2022-08-16 17:02:22.180675,dt,sepsis,mra_tra,baseline,1.0,1.0,1.0,1.0,0.9945652173913043,1.0,0.9972752043596731,0.997005988023952,0.9523809523809523,0.9836065573770492,0.9677419354838709,0.9661823893197212
2022-08-16 17:02:27.361177,dt,sepsis,mra_tra,mr,1.0,0.9890710382513661,0.9945054945054945,1.0,1.0,1.0,1.0,1.0,0.9945945945945946,1.0,0.997289972899729,0.996987951807229
2022-08-16 17:02:32.590364,dt,sepsis,mra_tra,mra,1.0,0.9890710382513661,0.9945054945054945,1.0,1.0,1.0,1.0,1.0,0.9945945945945946,1.0,0.997289972899729,0.996987951807229
2022-08-16 17:02:37.276642,dt,sepsis,mra_tra,tr,1.0,1.0,1.0,1.0,1.0,1.0,1.0,1.0,0.9945945945945946,1.0,0.997289972899729,0.996987951807229
2022-08-16 17:02:41.748798,dt,sepsis,mra_tra,tra,1.0,1.0,1.0,1.0,1.0,1.0,1.0,1.0,0.9945945945945946,1.0,0.997289972899729,0.996987951807229
2022-08-16 17:03:03.122680,dt,sepsis,mra_tra,declare,0.9945945945945946,1.0,0.997289972899729,0.9999672603457307,1.0,0.9836065573770492,0.9917355371900827,0.9908216354176892,1.0,0.9836065573770492,0.9917355371900827,0.9918032786885246
2022-08-16 17:03:31.600349,dt,sepsis,mra_tra,hybrid,1.0,0.9836065573770492,0.9917355371900827,0.9967605772062432,1.0,0.9890710382513661,0.9945054945054945,0.9971205130722163,1.0,0.9891304347826086,0.994535519125683,0.9944669984284965
2022-08-16 17:03:37.557630,dt,sepsis,mra_tra,payload,0.9834254143646409,0.967391304347826,0.9753424657534246,0.9924535096909376,0.9782608695652174,0.9836065573770492,0.9809264305177111,0.9788946696770393,0.9322916666666666,0.9781420765027322,0.9546666666666667,0.9738228461110565
2022-08-16 17:03:43.727577,dt,sepsis,mra_tra,dwd,0.9726775956284153,0.967391304347826,0.9700272479564033,0.9756580670508119,0.9943820224719101,0.9672131147540983,0.9806094182825486,0.9800235594385001,0.994475138121547,0.9836065573770492,0.989010989010989,0.9938320081149177
2022-08-16 17:03:49.632236,dt,sepsis,mra_tra,bs_data,1.0,0.994535519125683,0.9972602739726028,0.9972677595628415,0.9945054945054945,0.9890710382513661,0.9917808219178081,0.9968751022545074,0.9945945945945946,1.0,0.997289972899729,0.996987951807229
2022-08-16 17:03:56.990303,dt,sepsis,mra_tra,mr_data,1.0,0.9890710382513661,0.9945054945054945,1.0,0.9945054945054945,0.9890710382513661,0.9917808219178081,0.9942246654232519,0.9945945945945946,1.0,0.997289972899729,0.996987951807229
2022-08-16 17:04:04.934816,dt,sepsis,mra_tra,mra_data,1.0,0.9890710382513661,0.9945054945054945,1.0,0.9945054945054945,0.9890710382513661,0.9917808219178081,0.9968751022545074,0.9945945945945946,1.0,0.997289972899729,0.996987951807229
2022-08-16 17:04:11.797710,dt,sepsis,mra_tra,tr_data,1.0,1.0,1.0,1.0,0.994535519125683,0.994535519125683,0.994535519125683,0.996891462975688,0.9945945945945946,1.0,0.997289972899729,0.996987951807229
2022-08-16 17:04:18.400158,dt,sepsis,mra_tra,tra_data,1.0,0.9890710382513661,0.9945054945054945,1.0,0.994535519125683,0.994535519125683,0.994535519125683,0.994257386865613,0.9945945945945946,1.0,0.997289972899729,0.996987951807229
2022-08-16 17:04:43.755947,dt,sepsis,mra_tra,dc_data,1.0,0.9836065573770492,0.9917355371900827,0.9970223487451326,1.0,0.9890710382513661,0.9945054945054945,0.9941428618173489,1.0,0.9891304347826086,0.994535519125683,0.9999345206914615
2022-08-16 17:05:11.527307,dt,sepsis,mra_tra,dc_dwd_payload,1.0,0.9836065573770492,0.9917355371900827,0.9916069500343575,1.0,0.9890710382513661,0.9945054945054945,0.994535519125683,1.0,0.9945652173913043,0.9972752043596731,0.9999508905185961
2022-08-16 17:05:43.709417,dt,sepsis,mra_tra,hybrid_data,1.0,0.9890710382513661,0.9945054945054945,0.9944700762409606,1.0,0.9890710382513661,0.9945054945054945,0.9967769379274238,1.0,0.9891304347826086,0.994535519125683,0.9999345206914615
2022-08-16 17:06:15.616260,dt,sepsis,mra_tra,hybrid_dwd,1.0,0.9836065573770492,0.9917355371900827,0.9967605772062432,1.0,0.9890710382513661,0.9945054945054945,0.994535519125683,0.9945652173913043,0.9945652173913043,0.9945652173913043,0.9969224724986904
2022-08-16 17:06:50.028897,dt,sepsis,mra_tra,hybrid_dwd_payload,1.0,0.9836065573770492,0.9917355371900827,0.991508785707274,1.0,0.994535519125683,0.9972602739726028,0.9972677595628415,0.9945652173913043,0.9945652173913043,0.9945652173913043,0.9969552121529597
2022-08-16 17:06:54.219763,dt,sepsis,payload2,baseline,0.15,0.45,0.22500000000000003,0.7090151515151515,0.3076923076923077,0.6,0.4067796610169492,0.7688636363636363,0.11538461538461539,0.15789473684210525,0.13333333333333333,0.5960407059945937
2022-08-16 17:07:00.047807,dt,sepsis,payload2,mr,0.2727272727272727,0.47368421052631576,0.34615384615384615,0.724678009222452,0.2647058823529412,0.45,0.33333333333333337,0.7662878787878787,0.16666666666666666,0.3,0.21428571428571427,0.6901515151515152
2022-08-16 17:07:05.558748,dt,sepsis,payload2,mra,0.3181818181818182,0.3684210526315789,0.3414634146341463,0.6367467005883288,0.2222222222222222,0.4,0.2857142857142857,0.6109848484848485,0.5714285714285714,0.2,0.29629629629629634,0.6931060606060605
2022-08-16 17:07:10.616097,dt,sepsis,payload2,tr,0.2727272727272727,0.47368421052631576,0.34615384615384615,0.724678009222452,0.2647058823529412,0.45,0.33333333333333337,0.7662878787878787,0.1724137931034483,0.25,0.20408163265306123,0.6156818181818182
2022-08-16 17:07:15.313520,dt,sepsis,payload2,tra,0.2727272727272727,0.47368421052631576,0.34615384615384615,0.724678009222452,0.2647058823529412,0.45,0.33333333333333337,0.7487878787878788,0.1891891891891892,0.35,0.24561403508771934,0.678030303030303
2022-08-16 17:07:38.638901,dt,sepsis,payload2,declare,0.20930232558139536,0.45,0.28571428571428575,0.7288636363636365,0.4,0.4,0.4000000000000001,0.6818181818181819,1.0,0.21052631578947367,0.34782608695652173,0.6609953887740498
2022-08-16 17:08:07.019142,dt,sepsis,payload2,hybrid,0.9,0.9473684210526315,0.9230769230769231,0.9716171092383526,1.0,0.65,0.787878787878788,0.9686363636363635,0.8,0.8,0.8000000000000002,0.9933333333333333
2022-08-16 17:08:12.759417,dt,sepsis,payload2,payload,0.8695652173913043,1.0,0.9302325581395349,0.9950000000000001,0.8947368421052632,0.85,0.8717948717948718,0.9210606060606061,0.7916666666666666,1.0,0.8837209302325582,0.989982509142948
2022-08-16 17:08:18.358951,dt,sepsis,payload2,dwd,0.95,0.95,0.9500000000000001,0.9734090909090909,0.9090909090909091,1.0,0.9523809523809523,0.9995454545454545,0.8260869565217391,1.0,0.9047619047619047,0.9945142311973286
2022-08-16 17:08:24.421756,dt,sepsis,payload2,bs_data,0.8636363636363636,1.0,0.9268292682926829,0.994275719510256,0.8695652173913043,1.0,0.9302325581395349,0.9943939393939395,0.8333333333333334,1.0,0.9090909090909091,0.9936363636363637
2022-08-16 17:08:31.809833,dt,sepsis,payload2,mr_data,0.8636363636363636,1.0,0.9268292682926829,0.9960248052154556,0.8695652173913043,1.0,0.9302325581395349,0.9943939393939395,0.8333333333333334,1.0,0.9090909090909091,0.9915151515151516
2022-08-16 17:08:39.127292,dt,sepsis,payload2,mra_data,0.8636363636363636,1.0,0.9268292682926829,0.9961838130068373,0.8636363636363636,0.95,0.9047619047619048,0.9952272727272727,0.8333333333333334,1.0,0.9090909090909091,0.9915151515151516
2022-08-16 17:08:46.143249,dt,sepsis,payload2,tr_data,0.8571428571428571,0.9473684210526315,0.9,0.969868023533153,0.8695652173913043,1.0,0.9302325581395349,0.9943939393939395,0.8333333333333334,1.0,0.9090909090909091,0.9915151515151516
2022-08-16 17:08:52.980491,dt,sepsis,payload2,tra_data,0.8636363636363636,1.0,0.9268292682926829,0.9960248052154556,0.8636363636363636,0.95,0.9047619047619048,0.9952272727272727,0.8333333333333334,1.0,0.9090909090909091,0.9915151515151516
2022-08-16 17:09:17.046642,dt,sepsis,payload2,dc_data,1.0,1.0,1.0,1.0,1.0,0.95,0.9743589743589743,0.975,0.9090909090909091,1.0,0.9523809523809523,0.996969696969697
2022-08-16 17:09:42.791606,dt,sepsis,payload2,dc_dwd_payload,0.8888888888888888,0.8421052631578947,0.8648648648648649,0.9726506598823341,1.0,1.0,1.0,1.0,0.8695652173913043,1.0,0.9302325581395349,0.9954545454545455
2022-08-16 17:10:13.028074,dt,sepsis,payload2,hybrid_data,1.0,1.0,1.0,1.0,1.0,0.95,0.9743589743589743,0.975,0.9090909090909091,1.0,0.9523809523809523,0.996969696969697
2022-08-16 17:10:43.089094,dt,sepsis,payload2,hybrid_dwd,0.8888888888888888,0.8421052631578947,0.8648648648648649,0.9726506598823341,1.0,1.0,1.0,1.0,0.8695652173913043,1.0,0.9302325581395349,0.9954545454545455
2022-08-16 17:11:15.056314,dt,sepsis,payload2,hybrid_dwd_payload,0.8888888888888888,0.8421052631578947,0.8648648648648649,0.9205756082048021,1.0,1.0,1.0,1.0,0.8695652173913043,1.0,0.9302325581395349,0.9954545454545455
timestamp,Classifier,Dataset,Labelling,Encoding,Prec_fold0,Rec_fold0,F1_fold0,AUC_fold0,Prec_fold1,Rec_fold1,F1_fold1,AUC_fold1,Prec_fold2,Rec_fold2,F1_fold2,AUC_fold2,Prec_fold3,Rec_fold3,F1_fold3,AUC_fold3,Prec_fold4,Rec_fold4,F1_fold4,AUC_fold4,Prec_fold5,Rec_fold5,F1_fold5,AUC_fold5,Prec_fold6,Rec_fold6,F1_fold6,AUC_fold6,Prec_fold7,Rec_fold7,F1_fold7,AUC_fold7,Prec_fold8,Rec_fold8,F1_fold8,AUC_fold8,Prec_fold9,Rec_fold9,F1_fold9,AUC_fold9
2022-08-18 12:43:01.608619,dt,sepsis,decl,baseline,0.9024390243902439,1.0,0.9487179487179488,0.9721780604133545,0.9024390243902439,1.0,0.9487179487179488,0.9813195548489666,0.9,0.972972972972973,0.935064935064935,0.957074721780604,0.8043478260869565,1.0,0.891566265060241,0.9338235294117647,0.8571428571428571,0.972972972972973,0.9113924050632912,0.9582670906200318,0.8181818181818182,1.0,0.9,0.9420289855072463,0.8,1.0,0.888888888888889,0.9402173913043478,0.7659574468085106,1.0,0.8674698795180723,0.9202898550724637,0.8571428571428571,1.0,0.923076923076923,0.9456521739130435,0.75,1.0,0.8571428571428571,0.9130434782608696
2022-08-18 12:43:28.699191,dt,sepsis,decl,mr,1.0,1.0,1.0,1.0,0.9459459459459459,0.9722222222222222,0.9589041095890412,0.9907407407407407,0.9473684210526315,1.0,0.972972972972973,0.998792270531401,0.8974358974358975,0.9722222222222222,0.9333333333333333,0.9780595813204509,0.972972972972973,1.0,0.9863013698630138,0.9923510466988729,0.9487179487179487,1.0,0.9736842105263158,0.9910572337042926,1.0,0.972972972972973,0.9863013698630138,0.9988076311605724,1.0,0.918918918918919,0.9577464788732395,0.9689984101748808,0.9736842105263158,1.0,0.9866666666666666,1.0,1.0,0.972972972972973,0.9863013698630138,0.9864864864864865
2022-08-18 12:43:51.675185,dt,sepsis,decl,mra,1.0,1.0,1.0,1.0,0.9722222222222222,0.9722222222222222,0.9722222222222222,0.9883252818035426,1.0,1.0,1.0,1.0,0.972972972972973,1.0,0.9863013698630138,0.9927536231884059,0.972972972972973,1.0,0.9863013698630138,0.9925523349436394,0.9736842105263158,1.0,0.9866666666666666,0.9998012718600955,1.0,0.972972972972973,0.9863013698630138,0.9858903020667728,1.0,0.9459459459459459,0.9722222222222222,0.9843004769475358,0.9736842105263158,1.0,0.9866666666666666,0.9996025437201909,0.9722222222222222,0.9459459459459459,0.9589041095890412,0.96939586645469
2022-08-18 12:44:10.495011,dt,sepsis,decl,tr,0.8181818181818182,1.0,0.9,0.9484702093397746,0.7659574468085106,1.0,0.8674698795180723,0.9202898550724637,0.8571428571428571,1.0,0.923076923076923,0.9565217391304348,0.9230769230769231,1.0,0.9600000000000001,0.9782608695652173,0.7659574468085106,1.0,0.8674698795180723,0.9202898550724637,0.7708333333333334,1.0,0.8705882352941177,0.9191176470588236,0.9487179487179487,1.0,0.9736842105263158,0.9852941176470588,0.8809523809523809,1.0,0.9367088607594937,0.9632352941176471,0.8043478260869565,1.0,0.891566265060241,0.9286565977742449,0.9,0.972972972972973,0.935064935064935,0.957074721780604
2022-08-18 12:44:26.187188,dt,sepsis,decl,tra,0.782608695652174,1.0,0.878048780487805,0.927536231884058,0.7659574468085106,1.0,0.8674698795180723,0.9202898550724637,0.8536585365853658,0.9722222222222222,0.9090909090909091,0.9502818035426732,0.9230769230769231,1.0,0.9600000000000001,0.9746376811594203,0.7659574468085106,1.0,0.8674698795180723,0.9202898550724637,0.7551020408163265,1.0,0.8604651162790697,0.9179252782193958,0.9487179487179487,1.0,0.9736842105263158,0.9852941176470588,0.8809523809523809,1.0,0.9367088607594937,0.9632352941176471,0.7872340425531915,1.0,0.880952380952381,0.926470588235294,0.9,0.972972972972973,0.935064935064935,0.9542925278219395
2022-08-18 13:01:07.712919,dt,sepsis,decl,declare,1.0,1.0,1.0,1.0,1.0,1.0,1.0,1.0,1.0,0.972972972972973,0.9863013698630138,0.9864864864864865,0.9736842105263158,1.0,0.9866666666666666,0.9926470588235294,1.0,1.0,1.0,1.0,1.0,1.0,1.0,1.0,1.0,1.0,1.0,1.0,0.972972972972973,1.0,0.9863013698630138,0.9927536231884058,1.0,1.0,1.0,1.0,1.0,1.0,1.0,1.0
2022-08-18 13:03:19.855260,dt,sepsis,decl,hybrid,1.0,1.0,1.0,1.0,1.0,0.9722222222222222,0.9859154929577464,0.9861111111111112,1.0,1.0,1.0,1.0,1.0,1.0,1.0,1.0,1.0,1.0,1.0,1.0,1.0,1.0,1.0,1.0,1.0,1.0,1.0,1.0,1.0,1.0,1.0,1.0,1.0,1.0,1.0,1.0,1.0,0.972972972972973,0.9863013698630138,0.9864864864864865
2022-08-18 13:03:43.602950,dt,sepsis,decl,payload,0.7045454545454546,0.8378378378378378,0.7654320987654323,0.8797694753577108,0.7906976744186046,0.918918918918919,0.85,0.9217011128775836,0.6981132075471698,1.0,0.8222222222222222,0.9175278219395867,0.6730769230769231,0.9459459459459459,0.7865168539325843,0.9310413354531002,0.6481481481481481,0.9459459459459459,0.7692307692307693,0.848966613672496,0.6938775510204082,0.9444444444444444,0.7999999999999999,0.8687600644122384,0.6875,0.9166666666666666,0.7857142857142857,0.9029790660225443,0.7021276595744681,0.9166666666666666,0.7951807228915662,0.8810386473429952,0.6666666666666666,0.9444444444444444,0.7816091954022987,0.8927133655394526,0.6153846153846154,0.8888888888888888,0.7272727272727274,0.8486312399355878
2022-08-18 13:04:06.201599,dt,sepsis,decl,dwd,1.0,1.0,1.0,1.0,0.9722222222222222,0.9459459459459459,0.9589041095890412,0.964825119236884,0.9473684210526315,0.972972972972973,0.9599999999999999,0.9914546899841018,1.0,0.972972972972973,0.9863013698630138,0.9864864864864865,0.9714285714285714,0.918918918918919,0.9444444444444445,0.9785373608903021,0.9444444444444444,0.9444444444444444,0.9444444444444444,0.9712157809983897,0.9722222222222222,0.9722222222222222,0.9722222222222222,0.998389694041868,1.0,0.9722222222222222,0.9859154929577464,0.9997987117552335,1.0,0.9444444444444444,0.9714285714285714,0.980877616747182,0.9210526315789473,0.9722222222222222,0.9459459459459458,0.998792270531401
2022-08-18 13:04:31.945056,dt,sepsis,decl,bs_data,0.7777777777777778,0.9722222222222222,0.8641975308641976,0.9128421900161031,0.7659574468085106,1.0,0.8674698795180723,0.9202898550724637,0.8536585365853658,0.9722222222222222,0.9090909090909091,0.942632850241546,0.9230769230769231,1.0,0.9600000000000001,0.9790660225442834,0.7659574468085106,1.0,0.8674698795180723,0.9202898550724637,0.7708333333333334,1.0,0.8705882352941177,0.9191176470588236,0.9487179487179487,1.0,0.9736842105263158,0.9922496025437202,0.8809523809523809,1.0,0.9367088607594937,0.9536963434022258,0.7872340425531915,1.0,0.880952380952381,0.9185214626391096,0.9,0.972972972972973,0.935064935064935,0.955087440381558
2022-08-18 13:05:08.040602,dt,sepsis,decl,mr_data,0.972972972972973,1.0,0.9863013698630138,0.9979871175523349,0.9459459459459459,0.9722222222222222,0.9589041095890412,0.9917471819645732,0.9714285714285714,0.9444444444444444,0.9577464788732395,0.9700080515297907,0.9473684210526315,1.0,0.972972972972973,0.9963768115942029,0.8780487804878049,1.0,0.9350649350649352,0.9834943639291466,0.8222222222222222,1.0,0.9024390243902439,0.986685214626391,0.9736842105263158,1.0,0.9866666666666666,0.9992050874403816,0.9459459459459459,0.9459459459459459,0.9459459459459459,0.9942368839427662,0.9705882352941176,0.8918918918918919,0.9295774647887325,0.96939586645469,0.9714285714285714,0.918918918918919,0.9444444444444445,0.9519077901430844
2022-08-18 13:06:31.433688,dt,sepsis,decl,mra_data,1.0,1.0,1.0,1.0,0.9459459459459459,0.9722222222222222,0.9589041095890412,0.9802737520128826,0.972972972972973,1.0,0.9863013698630138,0.999597423510467,0.972972972972973,1.0,0.9863013698630138,1.0,1.0,1.0,1.0,1.0,0.9736842105263158,1.0,0.9866666666666666,0.9918521462639109,1.0,0.972972972972973,0.9863013698630138,0.9972178060413355,1.0,0.9459459459459459,0.9722222222222222,0.9850953895071541,1.0,1.0,1.0,1.0,0.9722222222222222,0.9459459459459459,0.9589041095890412,0.96939586645469
2022-08-18 13:08:00.978642,dt,sepsis,decl,tr_data,0.8,1.0,0.888888888888889,0.9384057971014493,0.7659574468085106,1.0,0.8674698795180723,0.9202898550724637,0.8571428571428571,1.0,0.923076923076923,0.9565217391304348,0.9230769230769231,1.0,0.9600000000000001,0.9782608695652174,0.7659574468085106,1.0,0.8674698795180723,0.9202898550724637,0.7708333333333334,1.0,0.8705882352941177,0.9320349761526232,0.9487179487179487,1.0,0.9736842105263158,0.9914546899841017,0.8809523809523809,1.0,0.9367088607594937,0.9536963434022258,0.7872340425531915,1.0,0.880952380952381,0.9185214626391096,0.9230769230769231,0.972972972972973,0.9473684210526315,0.9608505564387918
2022-08-18 13:08:38.565907,dt,sepsis,decl,tra_data,0.782608695652174,1.0,0.878048780487805,0.9305555555555556,0.75,0.9166666666666666,0.8250000000000001,0.9041867954911432,0.8536585365853658,0.9722222222222222,0.9090909090909091,0.958937198067633,0.9230769230769231,1.0,0.9600000000000001,0.9899355877616748,0.7659574468085106,1.0,0.8674698795180723,0.9202898550724637,0.7872340425531915,1.0,0.880952380952381,0.93620826709062,0.9487179487179487,1.0,0.9736842105263158,0.9922496025437202,0.8809523809523809,1.0,0.9367088607594937,0.9731717011128775,0.8043478260869565,1.0,0.891566265060241,0.9123608903020668,0.9,0.972972972972973,0.935064935064935,0.9644276629570747
2022-08-18 13:33:50.215791,dt,sepsis,decl,dc_data,1.0,1.0,1.0,1.0,1.0,0.9722222222222222,0.9859154929577464,0.9861111111111112,1.0,1.0,1.0,1.0,1.0,1.0,1.0,1.0,1.0,1.0,1.0,1.0,1.0,1.0,1.0,1.0,1.0,1.0,1.0,1.0,1.0,1.0,1.0,1.0,1.0,1.0,1.0,1.0,1.0,0.972972972972973,0.9863013698630138,0.9864864864864865
2022-08-18 13:35:38.331510,dt,sepsis,decl,dc_dwd_payload,1.0,1.0,1.0,1.0,1.0,0.9722222222222222,0.9859154929577464,0.9861111111111112,1.0,1.0,1.0,1.0,1.0,1.0,1.0,1.0,1.0,1.0,1.0,1.0,1.0,1.0,1.0,1.0,1.0,1.0,1.0,1.0,1.0,1.0,1.0,1.0,1.0,1.0,1.0,1.0,1.0,1.0,1.0,1.0
2022-08-18 13:37:56.216882,dt,sepsis,decl,hybrid_data,1.0,1.0,1.0,1.0,1.0,0.9722222222222222,0.9859154929577464,0.9861111111111112,1.0,1.0,1.0,1.0,1.0,1.0,1.0,1.0,1.0,1.0,1.0,1.0,1.0,1.0,1.0,1.0,1.0,1.0,1.0,1.0,1.0,1.0,1.0,1.0,1.0,1.0,1.0,1.0,1.0,0.972972972972973,0.9863013698630138,0.9864864864864865
2022-08-18 13:40:49.742320,dt,sepsis,decl,hybrid_dwd,1.0,1.0,1.0,1.0,1.0,0.9722222222222222,0.9859154929577464,0.9861111111111112,1.0,1.0,1.0,1.0,1.0,1.0,1.0,1.0,1.0,1.0,1.0,1.0,1.0,1.0,1.0,1.0,1.0,1.0,1.0,1.0,1.0,1.0,1.0,1.0,1.0,1.0,1.0,1.0,1.0,1.0,1.0,1.0
2022-08-18 13:43:17.401350,dt,sepsis,decl,hybrid_dwd_payload,1.0,1.0,1.0,1.0,1.0,0.9722222222222222,0.9859154929577464,0.9861111111111112,1.0,1.0,1.0,1.0,1.0,1.0,1.0,1.0,1.0,1.0,1.0,1.0,1.0,1.0,1.0,1.0,1.0,1.0,1.0,1.0,1.0,1.0,1.0,1.0,1.0,1.0,1.0,1.0,1.0,1.0,1.0,1.0
2022-08-18 13:43:31.980289,dt,sepsis,mr_tr,baseline,0.46551724137931033,0.9642857142857143,0.627906976744186,0.8160946196660482,0.42105263157894735,0.8888888888888888,0.5714285714285714,0.7775403608736942,0.49056603773584906,0.9629629629629629,0.65,0.8454415954415955,0.4153846153846154,1.0,0.5869565217391305,0.8141025641025641,0.4426229508196721,1.0,0.6136363636363636,0.845679012345679,0.4807692307692308,0.9259259259259259,0.6329113924050633,0.790835707502374,0.41935483870967744,0.9629629629629629,0.5842696629213483,0.7744539411206077,0.391304347826087,1.0,0.5625,0.7222222222222222,0.4166666666666667,0.9259259259259259,0.5747126436781609,0.6972934472934473,0.421875,1.0,0.5934065934065934,0.8321462488129154
2022-08-18 13:43:55.381491,dt,sepsis,mr_tr,mr,1.0,1.0,1.0,1.0,1.0,1.0,1.0,1.0,1.0,1.0,1.0,1.0,1.0,1.0,1.0,1.0,1.0,1.0,1.0,1.0,1.0,1.0,1.0,1.0,1.0,1.0,1.0,1.0,1.0,1.0,1.0,1.0,1.0,1.0,1.0,1.0,1.0,1.0,1.0,1.0
2022-08-18 13:44:15.371659,dt,sepsis,mr_tr,mra,0.7352941176470589,0.9259259259259259,0.819672131147541,0.9643874643874644,0.875,0.7777777777777778,0.823529411764706,0.9836182336182336,0.8928571428571429,0.9259259259259259,0.9090909090909091,0.9909781576448243,0.6944444444444444,0.9259259259259259,0.7936507936507936,0.9753086419753086,0.8064516129032258,0.9259259259259259,0.8620689655172414,0.962962962962963,0.7586206896551724,0.8148148148148148,0.7857142857142857,0.9449192782526116,0.7297297297297297,1.0,0.8437499999999999,0.9541785375118709,0.7714285714285715,1.0,0.870967741935484,0.9802943969610636,0.7941176470588235,1.0,0.8852459016393442,0.9935897435897436,0.9285714285714286,0.9285714285714286,0.9285714285714286,0.9730983302411874
2022-08-18 13:44:32.519463,dt,sepsis,mr_tr,tr,1.0,1.0,1.0,1.0,1.0,1.0,1.0,1.0,1.0,1.0,1.0,1.0,1.0,1.0,1.0,1.0,1.0,1.0,1.0,1.0,1.0,1.0,1.0,1.0,1.0,1.0,1.0,1.0,1.0,1.0,1.0,1.0,1.0,1.0,1.0,1.0,1.0,1.0,1.0,1.0
2022-08-18 13:44:48.033485,dt,sepsis,mr_tr,tra,0.9642857142857143,1.0,0.9818181818181818,0.9950142450142451,1.0,1.0,1.0,1.0,0.9642857142857143,1.0,0.9818181818181818,0.9945394112060779,0.9310344827586207,1.0,0.9642857142857143,0.9871794871794871,0.9642857142857143,1.0,0.9818181818181818,0.9954890788224122,0.9642857142857143,1.0,0.9818181818181818,0.9945394112060779,0.9,1.0,0.9473684210526316,0.9793447293447294,1.0,1.0,1.0,1.0,0.9642857142857143,1.0,0.9818181818181818,0.9947768281101614,0.9655172413793104,1.0,0.9824561403508771,0.9953617810760668
2022-08-18 13:46:17.008378,dt,sepsis,mr_tr,declare,0.7878787878787878,0.9285714285714286,0.8524590163934426,0.9696196660482376,0.7241379310344828,0.7777777777777778,0.75,0.8392687559354226,0.78125,0.9259259259259259,0.847457627118644,0.9465811965811965,0.7714285714285715,1.0,0.870967741935484,0.9793447293447294,0.96,0.8888888888888888,0.923076923076923,0.9753086419753085,0.7428571428571429,0.9629629629629629,0.8387096774193549,0.957977207977208,0.7222222222222222,0.9629629629629629,0.8253968253968254,0.9634377967711302,0.8333333333333334,0.9259259259259259,0.8771929824561403,0.9805318138651472,0.9,1.0,0.9473684210526316,0.9957264957264957,0.8064516129032258,0.9259259259259259,0.8620689655172414,0.9309116809116809
2022-08-18 13:48:14.798357,dt,sepsis,mr_tr,hybrid,1.0,1.0,1.0,1.0,1.0,1.0,1.0,1.0,1.0,1.0,1.0,1.0,1.0,1.0,1.0,1.0,1.0,1.0,1.0,1.0,1.0,1.0,1.0,1.0,1.0,1.0,1.0,1.0,1.0,1.0,1.0,1.0,1.0,1.0,1.0,1.0,1.0,1.0,1.0,1.0
2022-08-18 13:48:35.832979,dt,sepsis,mr_tr,payload,0.42424242424242425,1.0,0.5957446808510638,0.7532467532467533,0.39705882352941174,1.0,0.5684210526315789,0.7464387464387464,0.46551724137931033,1.0,0.6352941176470588,0.8012820512820513,0.3968253968253968,0.9259259259259259,0.5555555555555555,0.711301044634378,0.421875,1.0,0.5934065934065934,0.7730294396961064,0.421875,1.0,0.5934065934065934,0.7628205128205128,0.40625,0.9629629629629629,0.5714285714285714,0.7473884140550807,0.3870967741935484,0.8888888888888888,0.5393258426966292,0.7129629629629629,0.375,1.0,0.5454545454545454,0.6666666666666667,0.41379310344827586,0.8888888888888888,0.5647058823529412,0.7226970560303894
2022-08-18 13:48:54.515201,dt,sepsis,mr_tr,dwd,0.7083333333333334,0.6071428571428571,0.6538461538461539,0.8297773654916512,0.7083333333333334,0.6296296296296297,0.6666666666666667,0.845204178537512,0.7727272727272727,0.6296296296296297,0.6938775510204083,0.809116809116809,0.6785714285714286,0.7037037037037037,0.6909090909090909,0.8594491927825261,0.6774193548387096,0.7777777777777778,0.7241379310344828,0.919278252611586,0.7727272727272727,0.6296296296296297,0.6938775510204083,0.8473409306742641,0.7391304347826086,0.6296296296296297,0.68,0.8038936372269706,0.6666666666666666,0.5925925925925926,0.627450980392157,0.8005698005698005,0.7619047619047619,0.5925925925925926,0.6666666666666666,0.8392687559354226,0.6,0.6666666666666666,0.631578947368421,0.8179012345679012
2022-08-18 13:49:17.894498,dt,sepsis,mr_tr,bs_data,0.38028169014084506,1.0,0.5510204081632654,0.7761158594491928,0.4576271186440678,1.0,0.627906976744186,0.8012820512820513,0.40816326530612246,0.7407407407407407,0.5263157894736843,0.731244064577398,0.42857142857142855,0.7777777777777778,0.5526315789473685,0.7177113010446343,0.4090909090909091,1.0,0.5806451612903226,0.7827635327635327,0.4067796610169492,0.8888888888888888,0.5581395348837209,0.75,0.421875,1.0,0.5934065934065934,0.8352326685660019,0.4153846153846154,1.0,0.5869565217391305,0.7993827160493827,0.49056603773584906,0.9629629629629629,0.65,0.7903608736942069,0.417910447761194,1.0,0.5894736842105264,0.8084415584415585
2022-08-18 13:49:47.537315,dt,sepsis,mr_tr,mr_data,1.0,1.0,1.0,1.0,1.0,1.0,1.0,1.0,1.0,1.0,1.0,1.0,1.0,1.0,1.0,1.0,1.0,1.0,1.0,1.0,1.0,1.0,1.0,1.0,1.0,1.0,1.0,1.0,1.0,1.0,1.0,1.0,1.0,1.0,1.0,1.0,1.0,1.0,1.0,1.0
2022-08-18 13:50:15.827141,dt,sepsis,mr_tr,mra_data,0.7142857142857143,0.9259259259259259,0.8064516129032259,0.9648622981956315,0.8125,0.9629629629629629,0.8813559322033898,0.9845679012345679,0.8928571428571429,0.9259259259259259,0.9090909090909091,0.9895536562203229,0.7647058823529411,0.9629629629629629,0.8524590163934426,0.9620132953466286,0.7878787878787878,0.9629629629629629,0.8666666666666665,0.9608262108262107,0.7096774193548387,0.8148148148148148,0.7586206896551724,0.9266381766381767,0.8181818181818182,1.0,0.9,0.9779202279202279,0.7941176470588235,1.0,0.8852459016393442,0.9831433998100665,0.7714285714285715,1.0,0.870967741935484,0.9855175688509021,0.84375,0.9642857142857143,0.8999999999999999,0.9877087198515769
2022-08-18 13:50:41.860884,dt,sepsis,mr_tr,tr_data,1.0,1.0,1.0,1.0,1.0,1.0,1.0,1.0,1.0,1.0,1.0,1.0,1.0,1.0,1.0,1.0,1.0,1.0,1.0,1.0,1.0,1.0,1.0,1.0,1.0,1.0,1.0,1.0,1.0,1.0,1.0,1.0,1.0,1.0,1.0,1.0,1.0,1.0,1.0,1.0
2022-08-18 13:51:05.044868,dt,sepsis,mr_tr,tra_data,0.9642857142857143,1.0,0.9818181818181818,0.9933523266856601,1.0,1.0,1.0,1.0,0.9642857142857143,1.0,0.9818181818181818,0.9931149097815765,0.9310344827586207,1.0,0.9642857142857143,0.9871794871794871,0.9642857142857143,1.0,0.9818181818181818,0.999525166191833,0.9642857142857143,1.0,0.9818181818181818,0.9988129154795822,0.9,1.0,0.9473684210526316,0.9850427350427351,1.0,1.0,1.0,1.0,0.9642857142857143,1.0,0.9818181818181818,0.9935897435897436,0.9655172413793104,1.0,0.9824561403508771,0.9930426716141002
2022-08-18 13:52:38.902868,dt,sepsis,mr_tr,dc_data,0.8928571428571429,0.9259259259259259,0.9090909090909091,0.9615384615384617,1.0,0.9629629629629629,0.9811320754716981,1.0,0.9629629629629629,0.9629629629629629,0.9629629629629629,0.9748338081671414,0.9310344827586207,1.0,0.9642857142857143,0.9935897435897436,0.9629629629629629,0.9629629629629629,0.9629629629629629,0.9924026590693257,0.8888888888888888,0.8888888888888888,0.8888888888888888,0.9290123456790124,1.0,0.9629629629629629,0.9811320754716981,1.0,0.9642857142857143,1.0,0.9818181818181818,0.9997625830959165,0.8709677419354839,1.0,0.9310344827586207,0.9971509971509971,0.9655172413793104,1.0,0.9824561403508771,0.9981447124304267
2022-08-18 13:54:20.876418,dt,sepsis,mr_tr,dc_dwd_payload,0.9259259259259259,0.9259259259259259,0.9259259259259259,0.9560778727445395,1.0,1.0,1.0,1.0,0.9642857142857143,1.0,0.9818181818181818,0.998338081671415,0.9285714285714286,0.9629629629629629,0.9454545454545454,0.9745963912630579,0.9642857142857143,1.0,0.9818181818181818,0.9997625830959165,0.9285714285714286,0.9629629629629629,0.9454545454545454,0.9978632478632479,1.0,0.9629629629629629,0.9811320754716981,0.9814814814814814,0.9642857142857143,1.0,0.9818181818181818,0.9997625830959165,0.9,1.0,0.9473684210526316,0.9921652421652422,1.0,1.0,1.0,1.0
2022-08-18 13:56:24.349843,dt,sepsis,mr_tr,hybrid_data,1.0,1.0,1.0,1.0,1.0,1.0,1.0,1.0,1.0,1.0,1.0,1.0,1.0,1.0,1.0,1.0,1.0,1.0,1.0,1.0,1.0,1.0,1.0,1.0,1.0,1.0,1.0,1.0,1.0,1.0,1.0,1.0,1.0,1.0,1.0,1.0,1.0,1.0,1.0,1.0
2022-08-18 13:58:28.303620,dt,sepsis,mr_tr,hybrid_dwd,1.0,1.0,1.0,1.0,1.0,1.0,1.0,1.0,1.0,1.0,1.0,1.0,1.0,1.0,1.0,1.0,1.0,1.0,1.0,1.0,1.0,1.0,1.0,1.0,1.0,1.0,1.0,1.0,1.0,1.0,1.0,1.0,1.0,1.0,1.0,1.0,1.0,1.0,1.0,1.0
2022-08-18 14:00:38.363685,dt,sepsis,mr_tr,hybrid_dwd_payload,1.0,1.0,1.0,1.0,1.0,1.0,1.0,1.0,1.0,1.0,1.0,1.0,1.0,1.0,1.0,1.0,1.0,1.0,1.0,1.0,1.0,1.0,1.0,1.0,1.0,1.0,1.0,1.0,1.0,1.0,1.0,1.0,1.0,1.0,1.0,1.0,1.0,1.0,1.0,1.0
2022-08-18 14:00:53.310725,dt,sepsis,mra_tra,baseline,1.0,1.0,1.0,1.0,1.0,1.0,1.0,1.0,1.0,1.0,1.0,1.0,1.0,1.0,1.0,1.0,0.9821428571428571,1.0,0.9909909909909909,0.99,1.0,1.0,1.0,1.0,1.0,1.0,1.0,1.0,1.0,1.0,1.0,1.0,1.0,1.0,1.0,1.0,1.0,1.0,1.0,1.0
2022-08-18 14:01:13.322138,dt,sepsis,mra_tra,mr,1.0,1.0,1.0,1.0,1.0,1.0,1.0,1.0,1.0,1.0,1.0,1.0,1.0,1.0,1.0,1.0,1.0,1.0,1.0,1.0,1.0,1.0,1.0,1.0,1.0,1.0,1.0,1.0,1.0,1.0,1.0,1.0,1.0,1.0,1.0,1.0,0.9821428571428571,1.0,0.9909909909909909,0.99
2022-08-18 14:01:34.348196,dt,sepsis,mra_tra,mra,1.0,1.0,1.0,1.0,1.0,1.0,1.0,1.0,1.0,1.0,1.0,1.0,1.0,1.0,1.0,1.0,1.0,1.0,1.0,1.0,1.0,1.0,1.0,1.0,1.0,1.0,1.0,1.0,1.0,1.0,1.0,1.0,1.0,1.0,1.0,1.0,0.9821428571428571,1.0,0.9909909909909909,0.99
2022-08-18 14:01:53.030586,dt,sepsis,mra_tra,tr,1.0,1.0,1.0,1.0,1.0,1.0,1.0,1.0,1.0,1.0,1.0,1.0,1.0,1.0,1.0,1.0,1.0,1.0,1.0,1.0,1.0,1.0,1.0,1.0,1.0,1.0,1.0,1.0,1.0,1.0,1.0,1.0,1.0,1.0,1.0,1.0,0.9821428571428571,1.0,0.9909909909909909,0.99
2022-08-18 14:02:10.442033,dt,sepsis,mra_tra,tra,1.0,1.0,1.0,1.0,0.9322033898305084,1.0,0.9649122807017544,0.96,1.0,1.0,1.0,1.0,1.0,1.0,1.0,1.0,1.0,1.0,1.0,1.0,1.0,1.0,1.0,1.0,1.0,1.0,1.0,1.0,1.0,1.0,1.0,1.0,1.0,1.0,1.0,1.0,0.9821428571428571,1.0,0.9909909909909909,0.99
2022-08-18 14:03:43.126278,dt,sepsis,mra_tra,declare,1.0,0.9818181818181818,0.9908256880733944,0.9994545454545454,1.0,0.9818181818181818,0.9908256880733944,0.990909090909091,1.0,1.0,1.0,1.0,1.0,0.9818181818181818,0.9908256880733944,0.9887272727272728,1.0,0.9636363636363636,0.9814814814814815,1.0,1.0,1.0,1.0,1.0,1.0,0.9636363636363636,0.9814814814814815,0.981090909090909,1.0,0.9636363636363636,0.9814814814814815,0.981090909090909,1.0,1.0,1.0,1.0,1.0,0.9818181818181818,0.9908256880733944,0.9903636363636363
2022-08-18 14:05:43.833019,dt,sepsis,mra_tra,hybrid,1.0,0.9636363636363636,0.9814814814814815,0.9963636363636363,1.0,1.0,1.0,1.0,1.0,0.9818181818181818,0.9908256880733944,0.990909090909091,1.0,1.0,1.0,1.0,1.0,1.0,1.0,1.0,1.0,0.9636363636363636,0.9814814814814815,0.9903636363636363,1.0,1.0,1.0,1.0,1.0,1.0,1.0,1.0,1.0,1.0,1.0,1.0,1.0,0.9636363636363636,0.9814814814814815,0.990909090909091
2022-08-18 14:06:04.171923,dt,sepsis,mra_tra,payload,1.0,0.9454545454545454,0.9719626168224299,0.9898181818181818,0.9818181818181818,0.9818181818181818,0.9818181818181818,0.9994545454545454,0.9636363636363636,0.9636363636363636,0.9636363636363636,0.9781818181818183,1.0,0.9454545454545454,0.9719626168224299,0.9996363636363637,0.9649122807017544,1.0,0.9821428571428572,0.9863636363636363,0.9821428571428571,1.0,0.9909909909909909,0.9974545454545455,0.9464285714285714,0.9636363636363636,0.9549549549549549,0.9598181818181819,0.9473684210526315,0.9818181818181818,0.9642857142857142,0.9887272727272727,0.9473684210526315,0.9818181818181818,0.9642857142857142,0.9918181818181818,0.9482758620689655,1.0,0.9734513274336283,0.9863636363636363
2022-08-18 14:06:26.798036,dt,sepsis,mra_tra,dwd,1.0,0.9272727272727272,0.9622641509433962,0.9952727272727273,0.9629629629629629,0.9454545454545454,0.9541284403669724,0.9687272727272728,1.0,0.9636363636363636,0.9814814814814815,0.9901818181818182,0.9807692307692307,0.9272727272727272,0.9532710280373831,0.9618181818181818,1.0,0.9454545454545454,0.9719626168224299,0.9716363636363636,0.9821428571428571,1.0,0.9909909909909909,0.99,1.0,0.9818181818181818,0.9908256880733944,0.9996363636363635,0.9821428571428571,1.0,0.9909909909909909,0.99,1.0,0.9818181818181818,0.9908256880733944,0.9996363636363635,1.0,0.9454545454545454,0.9719626168224299,0.9818181818181818
2022-08-18 14:06:50.623512,dt,sepsis,mra_tra,bs_data,1.0,1.0,1.0,1.0,1.0,1.0,1.0,1.0,1.0,1.0,1.0,1.0,1.0,1.0,1.0,1.0,1.0,1.0,1.0,1.0,1.0,0.9818181818181818,0.9908256880733944,0.9994545454545454,1.0,1.0,1.0,1.0,1.0,1.0,1.0,1.0,1.0,1.0,1.0,1.0,0.9821428571428571,1.0,0.9909909909909909,0.99
2022-08-18 14:07:17.912452,dt,sepsis,mra_tra,mr_data,1.0,1.0,1.0,1.0,1.0,1.0,1.0,1.0,1.0,0.9818181818181818,0.9908256880733944,0.990909090909091,1.0,1.0,1.0,1.0,1.0,1.0,1.0,1.0,1.0,1.0,1.0,1.0,1.0,1.0,1.0,1.0,1.0,1.0,1.0,1.0,1.0,1.0,1.0,1.0,0.9821428571428571,1.0,0.9909909909909909,0.99
2022-08-18 14:07:45.178942,dt,sepsis,mra_tra,mra_data,1.0,1.0,1.0,1.0,1.0,1.0,1.0,1.0,1.0,0.9818181818181818,0.9908256880733944,0.990909090909091,1.0,1.0,1.0,1.0,1.0,1.0,1.0,1.0,1.0,1.0,1.0,1.0,1.0,1.0,1.0,1.0,1.0,1.0,1.0,1.0,1.0,1.0,1.0,1.0,0.9821428571428571,1.0,0.9909909909909909,0.99
2022-08-18 14:08:10.610646,dt,sepsis,mra_tra,tr_data,1.0,1.0,1.0,1.0,1.0,1.0,1.0,1.0,1.0,1.0,1.0,1.0,1.0,1.0,1.0,1.0,1.0,1.0,1.0,1.0,1.0,0.9818181818181818,0.9908256880733944,0.9994545454545454,1.0,1.0,1.0,1.0,1.0,1.0,1.0,1.0,1.0,1.0,1.0,1.0,0.9821428571428571,1.0,0.9909909909909909,0.99
2022-08-18 14:08:35.558091,dt,sepsis,mra_tra,tra_data,1.0,1.0,1.0,1.0,1.0,1.0,1.0,1.0,1.0,1.0,1.0,1.0,1.0,1.0,1.0,1.0,1.0,1.0,1.0,1.0,1.0,1.0,1.0,1.0,1.0,1.0,1.0,1.0,1.0,1.0,1.0,1.0,1.0,1.0,1.0,1.0,0.9821428571428571,1.0,0.9909909909909909,0.99
2022-08-18 14:10:16.031924,dt,sepsis,mra_tra,dc_data,1.0,0.9636363636363636,0.9814814814814815,0.9970909090909091,1.0,1.0,1.0,1.0,0.9818181818181818,0.9818181818181818,0.9818181818181818,0.980909090909091,1.0,1.0,1.0,1.0,1.0,1.0,1.0,1.0,1.0,0.9818181818181818,0.9908256880733944,0.9907272727272728,1.0,1.0,1.0,1.0,1.0,1.0,1.0,1.0,1.0,1.0,1.0,1.0,1.0,0.9636363636363636,0.9814814814814815,0.9998181818181818
2022-08-18 14:12:07.430636,dt,sepsis,mra_tra,dc_dwd_payload,1.0,0.9636363636363636,0.9814814814814815,0.9818181818181818,1.0,1.0,1.0,1.0,0.9818181818181818,0.9818181818181818,0.9818181818181818,0.980909090909091,1.0,1.0,1.0,1.0,1.0,1.0,1.0,1.0,1.0,0.9818181818181818,0.9908256880733944,0.990909090909091,1.0,1.0,1.0,1.0,1.0,1.0,1.0,1.0,1.0,1.0,1.0,1.0,1.0,0.9818181818181818,0.9908256880733944,1.0
2022-08-18 14:14:21.757993,dt,sepsis,mra_tra,hybrid_data,1.0,0.9636363636363636,0.9814814814814815,0.9970909090909091,1.0,1.0,1.0,1.0,0.9818181818181818,0.9818181818181818,0.9818181818181818,0.980909090909091,1.0,1.0,1.0,1.0,1.0,1.0,1.0,1.0,1.0,0.9636363636363636,0.9814814814814815,0.9896363636363636,1.0,1.0,1.0,1.0,1.0,1.0,1.0,1.0,1.0,1.0,1.0,1.0,1.0,0.9636363636363636,0.9814814814814815,0.9998181818181818
2022-08-18 14:16:48.060313,dt,sepsis,mra_tra,hybrid_dwd,1.0,0.9636363636363636,0.9814814814814815,0.9992727272727272,1.0,1.0,1.0,1.0,0.9818181818181818,0.9818181818181818,0.9818181818181818,0.980909090909091,1.0,1.0,1.0,1.0,1.0,1.0,1.0,1.0,1.0,0.9636363636363636,0.9814814814814815,0.9818181818181818,1.0,1.0,1.0,1.0,1.0,1.0,1.0,1.0,1.0,1.0,1.0,1.0,0.9818181818181818,0.9818181818181818,0.9818181818181818,0.9898181818181818
2022-08-18 14:19:21.337301,dt,sepsis,mra_tra,hybrid_dwd_payload,1.0,0.9636363636363636,0.9814814814814815,0.9818181818181818,1.0,1.0,1.0,1.0,0.9818181818181818,0.9818181818181818,0.9818181818181818,0.980909090909091,1.0,1.0,1.0,1.0,1.0,1.0,1.0,1.0,1.0,0.9818181818181818,0.9908256880733944,0.990909090909091,1.0,1.0,1.0,1.0,1.0,1.0,1.0,1.0,1.0,1.0,1.0,1.0,0.9818181818181818,0.9818181818181818,0.9818181818181818,0.9898181818181818
2022-08-18 14:19:39.374353,dt,sepsis,payload2,baseline,0.14285714285714285,0.3333333333333333,0.2,0.6632996632996633,0.125,0.3333333333333333,0.18181818181818182,0.6523569023569024,0.26666666666666666,0.6666666666666666,0.3809523809523809,0.787037037037037,0.3333333333333333,0.5,0.4,0.7171717171717171,0.3333333333333333,0.6666666666666666,0.4444444444444444,0.8367003367003367,0.26666666666666666,0.6666666666666666,0.3809523809523809,0.7163299663299663,0.3333333333333333,0.5,0.4,0.6557239057239057,0.25,0.3333333333333333,0.28571428571428575,0.7070707070707072,0.0,0.0,0.0,0.5404040404040403,0.1111111111111111,0.2,0.14285714285714285,0.668
2022-08-18 14:20:03.552177,dt,sepsis,payload2,mr,0.16666666666666666,0.2,0.1818181818181818,0.6259999999999999,0.2857142857142857,0.6666666666666666,0.4,0.8131313131313131,0.3,0.5,0.37499999999999994,0.7634680134680134,0.3076923076923077,0.6666666666666666,0.42105263157894735,0.8299663299663299,0.0,0.0,0.0,0.4099326599326599,0.3333333333333333,0.6666666666666666,0.4444444444444444,0.8468013468013468,0.15384615384615385,0.3333333333333333,0.21052631578947367,0.7087542087542088,0.14285714285714285,0.16666666666666666,0.15384615384615383,0.6792929292929293,0.16666666666666666,0.3333333333333333,0.2222222222222222,0.6203703703703703,0.14285714285714285,0.3333333333333333,0.2,0.6851851851851851
2022-08-18 14:20:27.088445,dt,sepsis,payload2,mra,0.0,0.0,0.0,0.509,0.5,0.3333333333333333,0.4,0.7053872053872053,0.2857142857142857,0.3333333333333333,0.30769230769230765,0.5808080808080809,0.42857142857142855,0.5,0.4615384615384615,0.6565656565656566,0.0,0.0,0.0,0.4797979797979798,1.0,0.16666666666666666,0.2857142857142857,0.6826599326599326,0.07692307692307693,0.16666666666666666,0.10526315789473684,0.5563973063973064,0.5,0.16666666666666666,0.25,0.5572390572390573,1.0,0.16666666666666666,0.2857142857142857,0.531986531986532,0.14285714285714285,0.3333333333333333,0.2,0.6868686868686869
2022-08-18 14:20:49.045690,dt,sepsis,payload2,tr,0.16666666666666666,0.2,0.1818181818181818,0.624,0.2857142857142857,0.6666666666666666,0.4,0.7365319865319865,0.3,0.5,0.37499999999999994,0.7558922558922558,0.3076923076923077,0.6666666666666666,0.42105263157894735,0.8139730639730639,0.125,0.16666666666666666,0.14285714285714288,0.6826599326599327,0.3333333333333333,0.6666666666666666,0.4444444444444444,0.8063973063973064,0.10714285714285714,0.5,0.17647058823529413,0.6978114478114478,0.0,0.0,0.0,0.48821548821548827,0.16666666666666666,0.3333333333333333,0.2222222222222222,0.6203703703703703,0.15384615384615385,0.3333333333333333,0.21052631578947367,0.6986531986531986
2022-08-18 14:21:08.903564,dt,sepsis,payload2,tra,0.1111111111111111,0.2,0.14285714285714285,0.685,0.21052631578947367,0.6666666666666666,0.32,0.7407407407407408,0.21428571428571427,0.5,0.3,0.6860269360269362,0.3076923076923077,0.6666666666666666,0.42105263157894735,0.8299663299663299,0.125,0.16666666666666666,0.14285714285714288,0.6574074074074074,0.18181818181818182,0.3333333333333333,0.23529411764705885,0.6691919191919191,0.1111111111111111,0.3333333333333333,0.16666666666666666,0.6717171717171717,0.0,0.0,0.0,0.48821548821548827,0.15384615384615385,0.3333333333333333,0.21052631578947367,0.6262626262626263,0.15789473684210525,0.5,0.23999999999999996,0.7474747474747475
2022-08-18 14:22:45.988524,dt,sepsis,payload2,declare,0.0,0.0,0.0,0.6725589225589225,0.18181818181818182,0.3333333333333333,0.23529411764705885,0.6498316498316499,0.3333333333333333,0.16666666666666666,0.2222222222222222,0.6422558922558922,0.3333333333333333,0.5,0.4,0.7727272727272727,0.2,0.3333333333333333,0.25,0.5168350168350169,1.0,0.3333333333333333,0.5,0.8493265993265994,0.3333333333333333,0.16666666666666666,0.2222222222222222,0.5109427609427609,0.6666666666666666,0.3333333333333333,0.4444444444444444,0.686026936026936,0.0,0.0,0.0,0.5656565656565656,0.16666666666666666,0.2,0.1818181818181818,0.6930000000000001
2022-08-18 14:24:47.050951,dt,sepsis,payload2,hybrid,1.0,0.8,0.888888888888889,0.9,0.7142857142857143,0.8333333333333334,0.7692307692307692,0.9065656565656567,1.0,1.0,1.0,1.0,1.0,0.6666666666666666,0.8,0.9099326599326599,0.625,0.8333333333333334,0.7142857142857143,0.9848484848484849,0.8571428571428571,1.0,0.923076923076923,0.9991582491582492,0.8571428571428571,1.0,0.923076923076923,0.994949494949495,0.75,1.0,0.8571428571428571,0.9932659932659933,0.8,0.6666666666666666,0.7272727272727272,0.8265993265993264,0.8333333333333334,0.8333333333333334,0.8333333333333334,0.9107744107744109
2022-08-18 14:25:08.818200,dt,sepsis,payload2,payload,0.75,0.5,0.6,0.9941077441077442,0.8571428571428571,1.0,0.923076923076923,0.9924242424242424,0.8571428571428571,1.0,0.923076923076923,0.994949494949495,1.0,1.0,1.0,1.0,1.0,1.0,1.0,1.0,1.0,1.0,1.0,1.0,0.6666666666666666,1.0,0.8,0.9772727272727273,0.8571428571428571,1.0,0.923076923076923,0.9974747474747475,0.75,1.0,0.8571428571428571,0.9814814814814815,0.8333333333333334,1.0,0.9090909090909091,0.992
2022-08-18 14:25:32.114007,dt,sepsis,payload2,dwd,1.0,1.0,1.0,1.0,1.0,1.0,1.0,1.0,0.8571428571428571,1.0,0.923076923076923,1.0,1.0,1.0,1.0,1.0,1.0,1.0,1.0,1.0,1.0,0.8333333333333334,0.9090909090909091,0.9166666666666667,0.6666666666666666,1.0,0.8,0.9873737373737373,1.0,1.0,1.0,1.0,0.8571428571428571,1.0,0.923076923076923,0.9949494949494949,1.0,1.0,1.0,1.0
2022-08-18 14:25:57.017051,dt,sepsis,payload2,bs_data,1.0,1.0,1.0,1.0,0.8571428571428571,1.0,0.923076923076923,0.9924242424242424,0.8571428571428571,1.0,0.923076923076923,0.994949494949495,0.75,1.0,0.8571428571428571,0.9898989898989898,1.0,1.0,1.0,1.0,1.0,1.0,1.0,1.0,0.6666666666666666,1.0,0.8,0.9848484848484849,0.8571428571428571,1.0,0.923076923076923,0.9932659932659933,0.75,1.0,0.8571428571428571,0.9898989898989898,1.0,1.0,1.0,1.0
2022-08-18 14:26:26.357816,dt,sepsis,payload2,mr_data,1.0,1.0,1.0,1.0,0.8333333333333334,0.8333333333333334,0.8333333333333334,0.9107744107744109,0.8571428571428571,1.0,0.923076923076923,0.994949494949495,0.75,1.0,0.8571428571428571,0.9915824915824916,1.0,1.0,1.0,1.0,1.0,1.0,1.0,1.0,0.6666666666666666,1.0,0.8,0.9873737373737375,0.8571428571428571,1.0,0.923076923076923,0.9924242424242424,0.75,1.0,0.8571428571428571,0.9898989898989898,1.0,1.0,1.0,1.0
2022-08-18 14:26:54.563014,dt,sepsis,payload2,mra_data,1.0,1.0,1.0,1.0,0.8571428571428571,1.0,0.923076923076923,0.9915824915824917,0.8571428571428571,1.0,0.923076923076923,0.994949494949495,0.75,1.0,0.8571428571428571,0.9865319865319865,1.0,1.0,1.0,1.0,1.0,1.0,1.0,1.0,0.6666666666666666,1.0,0.8,0.9848484848484849,0.8571428571428571,1.0,0.923076923076923,0.9924242424242424,0.75,1.0,0.8571428571428571,0.9865319865319865,1.0,1.0,1.0,1.0
2022-08-18 14:27:20.846045,dt,sepsis,payload2,tr_data,1.0,1.0,1.0,1.0,0.8571428571428571,1.0,0.923076923076923,0.9932659932659933,0.8,0.6666666666666666,0.7272727272727272,0.9932659932659933,0.75,1.0,0.8571428571428571,0.9831649831649831,1.0,1.0,1.0,1.0,1.0,1.0,1.0,1.0,0.6666666666666666,1.0,0.8,0.9848484848484849,0.8571428571428571,1.0,0.923076923076923,0.9915824915824917,0.75,1.0,0.8571428571428571,0.9898989898989898,1.0,1.0,1.0,1.0
2022-08-18 14:27:46.508411,dt,sepsis,payload2,tra_data,1.0,1.0,1.0,1.0,0.8571428571428571,1.0,0.923076923076923,0.9932659932659933,0.8571428571428571,1.0,0.923076923076923,0.9941077441077442,0.75,1.0,0.8571428571428571,0.9865319865319865,1.0,1.0,1.0,1.0,1.0,1.0,1.0,1.0,0.6666666666666666,1.0,0.8,0.9848484848484849,0.8571428571428571,1.0,0.923076923076923,0.9941077441077442,0.75,1.0,0.8571428571428571,0.9898989898989898,1.0,1.0,1.0,1.0
2022-08-18 14:29:30.478945,dt,sepsis,payload2,dc_data,1.0,1.0,1.0,1.0,1.0,1.0,1.0,1.0,1.0,1.0,1.0,1.0,1.0,1.0,1.0,1.0,1.0,1.0,1.0,1.0,1.0,1.0,1.0,1.0,1.0,1.0,1.0,1.0,1.0,1.0,1.0,1.0,0.8571428571428571,1.0,0.923076923076923,0.994949494949495,1.0,1.0,1.0,1.0
2022-08-18 14:31:19.634163,dt,sepsis,payload2,dc_dwd_payload,1.0,1.0,1.0,1.0,1.0,0.8333333333333334,0.9090909090909091,0.9166666666666667,1.0,1.0,1.0,1.0,1.0,1.0,1.0,1.0,1.0,1.0,1.0,1.0,1.0,1.0,1.0,1.0,1.0,1.0,1.0,1.0,0.8571428571428571,1.0,0.923076923076923,0.994949494949495,0.8571428571428571,1.0,0.923076923076923,0.994949494949495,1.0,1.0,1.0,1.0
2022-08-18 14:33:29.641635,dt,sepsis,payload2,hybrid_data,1.0,1.0,1.0,1.0,1.0,1.0,1.0,1.0,1.0,1.0,1.0,1.0,1.0,1.0,1.0,1.0,1.0,1.0,1.0,1.0,1.0,1.0,1.0,1.0,1.0,1.0,1.0,1.0,1.0,1.0,1.0,1.0,0.8571428571428571,1.0,0.923076923076923,0.994949494949495,1.0,1.0,1.0,1.0
2022-08-18 14:35:38.287337,dt,sepsis,payload2,hybrid_dwd,1.0,1.0,1.0,1.0,1.0,0.8333333333333334,0.9090909090909091,0.9166666666666667,1.0,0.8333333333333334,0.9090909090909091,0.9166666666666667,1.0,1.0,1.0,1.0,1.0,1.0,1.0,1.0,1.0,1.0,1.0,1.0,1.0,1.0,1.0,1.0,0.8571428571428571,1.0,0.923076923076923,0.994949494949495,0.8571428571428571,1.0,0.923076923076923,0.994949494949495,1.0,1.0,1.0,1.0
2022-08-18 14:37:52.799472,dt,sepsis,payload2,hybrid_dwd_payload,1.0,1.0,1.0,1.0,1.0,1.0,1.0,1.0,1.0,0.8333333333333334,0.9090909090909091,0.9166666666666667,1.0,1.0,1.0,1.0,1.0,1.0,1.0,1.0,1.0,1.0,1.0,1.0,1.0,1.0,1.0,1.0,0.8571428571428571,1.0,0.923076923076923,0.994949494949495,0.8571428571428571,1.0,0.923076923076923,0.994949494949495,1.0,1.0,1.0,1.0
